{
  "appName": "Tiny File Manager",
  "version": "2.4.6",
  "language": [
    {
      "name": "Hungarian",
      "code": "hu",
      "translation": {
        "AppName": "Tiny File Manager",
        "AppTitle": "Fájl kezelő",
        "Login": "Bejelentkezés",
        "Username": "Felhasználói név",
        "Password": "Jelszó",
        "Logout": "Kijelentkezés",
        "Move": "Mozgatás",
        "Copy": "Másolás",
        "Save": "Mentés",
        "SelectAll": "Mindet kijelöl",
        "UnSelectAll": "Kijelölést megszüntet",
        "File": "Fájl",
        "Back": "Vissza",
        "Size": "Méret",
        "Perms": "Jogok",
        "Modified": "Módosítás",
        "Owner": "Tulajdonos",
        "Search": "Keresés",
        "NewItem": "Új",
        "Folder": "Könyvtár",
        "Delete": "Törlés",
        "Rename": "Átnevezés",
        "CopyTo": "Másolás ide",
        "DirectLink": "Közvetlen link",
        "UploadingFiles": "Fájlok feltöltése",
        "ChangePermissions": "Jogosultságok módosítása",
        "Copying": "Másolás",
        "CreateNewItem": "Új létrehozása",
        "Name": "Név",
        "AdvancedEditor": "Haladó szerkesztő",
        "RememberMe": "Emlékezzen rám",
        "Actions": "Műveletek",
        "Upload": "Feltöltés",
        "Cancel": "Mégsem",
        "InvertSelection": "Kijelöltés megfordítása",
        "DestinationFolder": "Célmappa",
        "ItemType": "Elem típus",
        "ItemName": "Elem név",
        "CreateNow": "Elkészít",
        "Download": "Letöltés",
        "Open": "Megnyitás",
        "UnZip": "Kitömörítés",
        "UnZipToFolder": "Kitömörítás adott mappába",
        "Edit": "Szerkesztés",
        "NormalEditor": "Alap szerkesztő",
        "BackUp": "Biztonsági mentés",
        "SourceFolder": "Forrás könyvtár",
        "Files": "Szűrő",
        "Change": "Módosítás",
        "Settings": "Beállítások",
        "Language": "Nyelv",
        "MemoryUsed": "Használt memória",
        "PartitionSize": "Partició mérete",
        "ErrorReporting": "Hibabejelntés",
        "ShowHiddenFiles": "Rejtett fájlok megjelenítése",
        "Full size": "Teljes méret",
        "Help": "Segítség",
        "Free of": "ebből szabaf",
        "Preview": "Előnézet",
        "Help Documents": "Súgó dokumentum",
        "Report Issue": "Probléma jelentése",
        "Generate": "Generálás",
        "FullSize": "Teljes méret",
        "FreeOf": "ebből szabad",
        "CalculateFolderSize": "Becsült mappa méret",
        "ProcessID": "Folyamat azonosító",
        "Created": "Készítés",
        "HideColumns": "Oszlopok elrejtése",
        "Folder is empty": "A mappa üres",
        "Check Latest Version": "Új verzió ellenőrzése",
        "Generate new password hash": "Új jelszó hash létrehozása",
        "You are logged in": "Ön sikeresen bejelentkezett",
        "Login failed. Invalid username or password": "Sikertelen bejelentkezés. Hibás felhasználói név vagy jelszó.",
        "password_hash not supported, Upgrade PHP version": "password_hash ebben a PHP verzióban nem támogatott"
      }
    },
    {
      "name": "Norsk",
      "code": "no",
      "translation": {
        "AppName": "Tiny File Manager",
        "AppTitle": "Fil behandler",
        "Login": "Logg inn",
        "Username": "Brukernavn",
        "Password": "Passord",
        "Logout": "Logg ut",
        "Move": "Flytt",
        "Copy": "Kopier",
        "Save": "Lagre",
        "SelectAll": "Velg alt",
        "UnSelectAll": "Av velg alt",
        "File": "Fil",
        "Back": "Tilbake",
        "Size": "Størelse",
        "Perms": "Uprawnienia",
        "Modified": "Endret",
        "Owner": "Eier",
        "Search": "Søk",
        "NewItem": "Ny",
        "Folder": "Mappe",
        "Delete": "Slett",
        "Rename": "Gi nytt navn",
        "CopyTo": "Kopier til",
        "DirectLink": "Direktelink",
        "UploadingFiles": "Laster opp filer",
        "ChangePermissions": "Endre rettigheter",
        "Copying": "Kopierer",
        "CreateNewItem": "Lag ny",
        "Name": "Navn",
        "AdvancedEditor": "Avansert Tekstbehandler",
        "RememberMe": "Husk meg",
        "Actions": "Handlinger",
        "Upload": "Last opp",
        "Cancel": "Avbryt",
        "InvertSelection": "Inverter valgte",
        "DestinationFolder": "Målmappe",
        "ItemType": "Filtype",
        "ItemName": "Filnavn",
        "CreateNow": "Lag nå",
        "Download": "Last ned",
        "Open": "Åpne",
        "UnZip": "Pakk ut",
        "UnZipToFolder": "Pakk ut til mappe",
        "Edit": "Endre",
        "NormalEditor": "Normal Tekstbehandler",
        "BackUp": "Sikkerhetskopier",
        "SourceFolder": "Kildemappe",
        "Files": "Filer",
        "Change": "Endre",
        "Settings": "Instillinger",
        "Language": "Språk",
        "MemoryUsed": "Minne brukt",
        "PartitionSize": "Partitions størrelse",
        "ErrorReporting": "Error raportering",
        "ShowHiddenFiles": "Vis skjulte filer",
        "Full size": "Mappe størelse",
        "Help": "Hjelp",
        "Free of": "Ledig av",
        "Preview": "Forhåndsvisning",
        "Help Documents": "Help dokumenter",
        "Report Issue": "Raporter problem",
        "Generate": "Generer",
        "FullSize": "Mappe størelse",
        "FreeOf": "ledig av",
        "CalculateFolderSize": "Kalkuler mappestørelse",
        "ProcessID": "Prosess ID",
        "Created": "Opprettet",
        "HideColumns": "Skjul tilganger/eier kolonner",
        "Folder is empty": "Mappen er tom",
        "Check Latest Version": "Se etter oppdateringer",
        "Generate new password hash": "Generer en ny passord hash",
        "You are logged in": "Du er innlogget",
        "Login failed. Invalid username or password": "Innlogging feilet. Feil brukernavn eller passord",
        "password_hash not supported, Upgrade PHP version": "password_hash er ikke støttet, venligst oppdater PHP versjonen"
      }
    },
    {
      "name": "فارسی",
      "code": "Fa",
      "translation": {
        "Tiny File Manager": "مدیریت فایل کوچک",
        "File Manager": "مدیریت فایل",
        "Sign in": "ورود",
        "Username": "نام کاربری",
        "Password": "گذرواژه",
        "Sign Out": "خروج",
        "Move": "جابجایی",
        "Copy": "کپی",
        "Save": "ذخیره",
        "Select all": "انتخاب همه",
        "Unselect all": "انتخاب نکردن همه",
        "File": "فایل",
        "Back": "برگشت",
        "Size": "حجم",
        "Perms": "دسترسی",
        "Modified": "ویرایش شده",
        "Owner": "مالک",
        "Search": "جستجو",
        "New Item": "افزودن",
        "Folder": "پوشه",
        "Delete": "حذف",
        "Rename": "تغییر نام",
        "Copy to": "کپی در",
        "Direct link": "لینک مستقیم",
        "Upload Files": "اپلود فایل ها",
        "Change Permissions": "تغییر دسترسی",
        "Copying": "کپی کردن",
        "Create New Item": "افزودن",
        "Name": "نام",
        "Advanced Editor": "ویرایشگر پیشرفته",
        "Remember Me": "مرا به خاطر داشته باشe",
        "Actions": "اکشن",
        "Upload": "آپلود",
        "Cancel": "انصراف",
        "Invert Selection": "معکوس کردن انتخاب ها",
        "Destination Folder": "پوشه مقصد",
        "Item Type": "نوع مورد",
        "Item Name": "نام مورد",
        "Create Now": "ایجاد در الان",
        "Download": "دانلود",
        "Open": "باز کردن",
        "UnZip": "UnZip",
        "UnZip to folder": "خارج کردن از حالت فشرده",
        "Edit": "ویرایش",
        "Normal Editor": "ویرایش معمولی",
        "Back Up": "برگشت بالا",
        "Source Folder": "منبه پوشه",
        "Files": "فایل ها",
        "Change": "تغییر",
        "Settings": "تنظیمات",
        "Language": "زبان",
        "Memory used": "حافظه استفاده شده",
        "Partition size": "حجم پارتیشن",
        "Error Reporting": "گزارش خطا",
        "Show Hidden Files": "نمایش فایل های مخفی",
        "Full size": "فضا پر است",
        "Help": "راهنما",
        "Free of": "خالیی از",
        "Preview": "پیشنمایش",
        "Help Documents": "مستندات کمکی",
        "Report Issue": "گزارش مشکل",
        "Generate": "ایجاد",
        "Full Size": "تمام حجم",
        "free of": "خالی از",
        "Calculate folder size": "محاسبه حجم پوشه",
        "Check Latest Version": "بررسی آخرین نسخه",
        "Generate new password hash": "ایجاد گذرواژه جدید",
        "Hide Perms/Owner columns": "مخفی کردن ستون های دسترسی و مالک"
      }
    },
    {
      "name": "Русский",
      "code": "ru",
      "translation": {
        "Actions": "Действия",
        "AdvancedEditor": "Улучшенный редактор",
        "AppName": "Файловый менеджер",
        "AppTitle": "Файловый менеджер",
        "Back": "Вернуться",
        "BackUp": "Резервная копия",
        "Cancel": "Отмена",
        "Change": "Изменения",
        "ChangePermissions": "Изменить права",
        "Check Latest Version": "Проверить последнюю версию",
        "Copy": "Копировать",
        "Copying": "Копировать",
        "CopyTo": "Скопировать в",
        "CreateNewItem": "Создать новый",
        "CreateNow": "Создать сейчас",
        "Delete": "Удалить",
        "DestinationFolder": "Папка назначения",
        "DirectLink": "Ссылка",
        "Download": "Загрузка",
        "Edit": "Редактировать",
        "File": "Файл",
        "Files": "Файлы",
        "Folder": "Папка",
        "FreeOf": "свободно из",
        "FullSize": "Размер файлов в папке",
        "Generate": "Сгенерировать",
        "Generate new password hash": "Сгенерировать хеш нового пароля",
        "Help": "Помощь",
        "Help Documents": "Справочная документация",
        "InvertSelection": "Обратная выборка",
        "ItemName": "Имя элемента",
        "ItemType": "Тип элемента",
        "Language": "Язык",
        "Login": "Войти",
        "Logout": "Выйти",
        "MemoryUsed": "Используемая память",
        "Modified": "Обновление",
        "Move": "Переместить",
        "Name": "Имя",
        "NewItem": "Создать",
        "NormalEditor": "Стандартный редактор",
        "Open": "Открыть",
        "Owner": "Создатель",
        "PartitionSize": "Размер раздела",
        "Password": "Пароль",
        "Perms": "Права доступа",
        "RememberMe": "Запомнить меня",
        "Rename": "Переименовать",
        "Report Issue": "Сообщить о проблеме",
        "Save": "Сохранить",
        "Search": "Поиск",
        "SelectAll": "Выбрать всё",
        "Settings": "Свойства",
        "Size": "Размер",
        "SourceFolder": "Исходная папка",
        "UnSelectAll": "Отменить выбор",
        "UnZip": "Разархивировать",
        "UnZipToFolder": "Разархивировать в папку",
        "Upload": "Загрузить",
        "UploadingFiles": "Загрузка файлов",
        "Username": "Пользователь"
      }
    },
    {
      "name": "Italiano",
      "code": "it",
      "translation": {
        "AppName": "Tiny File Manager",
        "AppTitle": "File Manager",
        "Login": "Connettiti",
        "Username": "Username",
        "Password": "Password",
        "Logout": "Disconnettiti",
        "Copy": "Copia",
        "Save": "Salva",
        "SelectAll": "Seleziona tutto",
        "UnSelectAll": "Deseleziona tutto",
        "File": "File",
        "Back": "Indietro",
        "Size": "Dimensione",
        "Perms": "Permessi",
        "Modified": "Ultima modifica",
        "Owner": "Proprietario",
        "Search": "Cerca",
        "NewItem": "Nuovo",
        "Folder": "Cartelle",
        "Delete": "Elimina",
        "Rename": "Rinomina",
        "CopyTo": "Copia su",
        "DirectLink": "Link diretto",
        "UploadingFiles": "Caricamento file",
        "ChangePermissions": "Modifica permessi",
        "Copying": "Copia in corso",
        "CreateNewItem": "Nuovo",
        "Name": "Nome",
        "AdvancedEditor": "Editor avanzato",
        "RememberMe": "Ricordami",
        "Actions": "Azioni",
        "Upload": "Carica",
        "Cancel": "Annulla",
        "InvertSelection": "Inverti selezione",
        "DestinationFolder": "Cartella di destinazione",
        "ItemType": "Tipo elemento",
        "ItemName": "Nome",
        "CreateNow": "Crea",
        "Download": "Scarica",
        "Open": "Apri",
        "UnZip": "Decomprimi",
        "UnZipToFolder": "Decomprimi in una cartella",
        "Edit": "Modifica",
        "NormalEditor": "Editor normale",
        "BackUp": "Backup",
        "SourceFolder": "Cartella di origine",
        "Files": "File",
        "Move": "Sposta",
        "Change": "Cambia",
        "Settings": "Impostazioni",
        "Language": "Lingua",
        "MemoryUsed": "Memoria utilizzata",
        "PartitionSize": "Dimensione del disco",
        "ErrorReporting": "Segnala errori",
        "ShowHiddenFiles": "Mostra file nascosti",
        "FullSize": "Dimensione cartella",
        "Full size": "Dimensione cartella",
        "Free of": "liberi su",
        "FreeOf": "liberi su",
        "Help Documents": "Documentazione",
        "Generate": "Genera",
        "HideColumns": "Nascondi le colonne dei permessi e del proprietario",
        "Check Latest Version": "Scarica l'ultima versione",
        "Help": "Aiuto",
        "Preview": "Anteprima",
        "Report Issue": "Segnala un problema",
        "CalculateFolderSize": "Calcola dimensione della cartella",
        "Generate new password hash": "Genera un nuovo hash della password"
      }
    },
    {
      "name": "Français",
      "code": "fr",
      "translation": {
        "Actions": "Actions",
        "AdvancedEditor": "Editeur avancé",
        "AppName": "Tiny File Manager",
        "AppTitle": "Gestionnaire de fichiers",
        "Back": "Retour",
        "BackUp": "Sauvegarder",
        "CalculateFolderSize": "Calculer la taille des dossiers",
        "Cancel": "Annuler",
        "Change": "Modifier",
        "ChangePermissions": "Modifier les permissions",
        "Check Latest Version": "Vérifier si une nouvelle version existe",
        "Copy": "Copier",
        "Copying": "Copier",
        "CopyTo": "Copier vers",
        "CreateNewItem": "Créer un nouvel élément",
        "CreateNow": "Créer",
        "Delete": "Supprimer",
        "DestinationFolder": "Dossier destination",
        "DirectLink": "Lien direct",
        "Download": "Télécharger",
        "Edit": "Editeur",
        "ErrorReporting": "Rapport d'erreurs",
        "File": "Fichier",
        "Files": "Fichiers",
        "Folder": "Dossier",
        "Free of": "libres sur",
        "FreeOf": "Espace libre : ",
        "Full size": "Taille totale",
        "Generate": "Générer",
        "Generate new password hash": "Générer de nouveaux mots de passe 'hashés'",
        "Help": "Aide",
        "Help Documents": "Documentation",
        "HideColumns": "Masquer les colonnes des droits",
        "InvertSelection": "Inverser la sélection",
        "ItemName": "Nom de l'élément",
        "ItemType": "Type d'élement",
        "Language": "Langue",
        "Login": "Connexion",
        "Logout": "Déconnexion",
        "MemoryUsed": "Mémoire utilisée",
        "Modified": "Modifié le",
        "Move": "Déplacer",
        "Name": "Nom",
        "NewItem": "Nouvel élément",
        "NormalEditor": "Éditeur normal",
        "Open": "Ouvrir",
        "Owner": "Propriétaire",
        "PartitionSize": "Taille de la partition",
        "Password": "Mot de passe",
        "Perms": "Permissions",
        "ProcessID": "Identifiant processus",
        "RememberMe": "Se souvenir de moi",
        "Rename": "Renommer",
        "Save": "Sauvegarder",
        "Search": "Recherche",
        "SelectAll": "Tout sélectionner",
        "Settings": "Réglages",
        "ShowHiddenFiles": "Afficher les fichiers masqués",
        "Size": "Taille",
        "SourceFolder": "Dossier Source",
        "UnSelectAll": "Tout déselectionner",
        "Upload": "Envoyer",
        "UploadingFiles": "Envoyer des fichiers",
        "Username": "Utilisateur",
        "UnZip": "Décompresser",
        "UnZipToFolder": "Décompresser dans un dossier",
        "You are logged in": "Vous êtes authentifié(e)"
      }
    },
    {
      "name": "Español",
      "code": "es",
      "translation": {
        "AppName": "Pequeño Administrador de Archivos",
        "AppTitle": "Administrador de Archivos",
        "Login": "Iniciar Sesión",
        "Username": "Nombre de Usuario",
        "Password": "Contraseña",
        "Logout": "Desconectarse",
        "Move": "Mover",
        "Copy": "Copiar",
        "Save": "Guardar",
        "SelectAll": "Seleccionar Todo",
        "UnSelectAll": "Des-seleccionar Todo",
        "File": "Archivo",
        "Back": "Atrás",
        "Size": "Tamaño",
        "Perms": "Permisos",
        "Modified": "Modificado",
        "Owner": "Propietario",
        "Search": "Buscar",
        "NewItem": "Nuevo Ítem",
        "Folder": "Carpeta",
        "Delete": "Borrar",
        "Rename": "Cambiar Nombre",
        "CopyTo": "Copiar en",
        "DirectLink": "Link Directo",
        "UploadingFiles": "Subir Archivos",
        "ChangePermissions": "Cambiar Permisos",
        "Copying": "Copiando",
        "CreateNewItem": "Crear nuevo Item",
        "Name": "Nombre",
        "AdvancedEditor": "Editor Avanzado",
        "RememberMe": "Recuérdame",
        "Actions": "Acciones",
        "Upload": "Subir",
        "Cancel": "Cancelar",
        "InvertSelection": "Invertir Selección",
        "DestinationFolder": "Carpeta Destino",
        "ItemType": "Tipo de Ítem",
        "ItemName": "Nombre del Ítem",
        "CreateNow": "Crear",
        "Download": "Descargar",
        "Open": "Abrir",
        "UnZip": "Descomprimir",
        "UnZipToFolder": "Descomprimir en Carpeta",
        "Edit": "Editar",
        "NormalEditor": "Editor Normal",
        "BackUp": "Copia de Seguridad",
        "SourceFolder": "Carpeta Actual",
        "Files": "Archivos",
        "Change": "Cambiar",
        "Settings": "Preferencias",
        "Language": "Lenguaje"
      }
    },
    {
      "name": "Català",
      "code": "ca",
      "translation": {
        "AppName": "Tiny File Manager",
        "AppTitle": "Administrador d'Arxius",
        "Login": "Iniciar Sessió",
        "Username": "Nom d'Usuari",
        "Password": "Contrasenya",
        "Logout": "Desconnectar-se",
        "Move": "Moure",
        "Copy": "Copiar",
        "Save": "Desar",
        "SelectAll": "Seleccionar Tot",
        "UnSelectAll": "Deseleccionar Tot",
        "File": "Arxiu",
        "Back": "Enrere",
        "Size": "Mida",
        "Perms": "Permisos",
        "Modified": "Modificat",
        "Owner": "Propietari",
        "Search": "Cercar",
        "NewItem": "Nou Ítem",
        "Folder": "Carpeta",
        "Delete": "Esborrar",
        "Rename": "Canviar Nom",
        "CopyTo": "Copiar a",
        "DirectLink": "Enllaç Directe",
        "UploadingFiles": "Pujar Arxius",
        "ChangePermissions": "Canviar Permisos",
        "Copying": "Copiant",
        "CreateNewItem": "Crear un Nou Ítem",
        "Name": "Nom",
        "AdvancedEditor": "Editor Avançat",
        "RememberMe": "Recorda'm",
        "Actions": "Accions",
        "Upload": "Pujar",
        "Cancel": "Cancel·lar",
        "InvertSelection": "Invertir Selecció",
        "DestinationFolder": "Carpeta Destí",
        "ItemType": "Tipus d'Ítem",
        "ItemName": "Nom de l'Ítem",
        "CreateNow": "Crear",
        "Download": "Descarregar",
        "Open": "Obrir",
        "UnZip": "Descomprimir",
        "UnZipToFolder": "Descomprimir a Carpeta",
        "Edit": "Editar",
        "NormalEditor": "Editor Normal",
        "BackUp": "Còpia de Seguretat",
        "SourceFolder": "Carpeta Actual",
        "Files": "Arxius",
        "Change": "Canviar",
        "Settings": "Preferències",
        "Language": "Idioma",
        "MemoryUsed": "Memòria usada",
        "PartitionSize": "Mida de la partició",
        "ErrorReporting": "Informe d'errors",
        "ShowHiddenFiles": "Mostra Fitxers Ocults",
        "Full size": "Mida sencera",
        "Help": "Ajuda",
        "Free of": "Lliure de",
        "Preview": "Previsualitzar",
        "Help Documents": "Documents d'ajuda",
        "Report Issue": "Informe del problema",
        "Generate": "Generar",
        "FullSize": "Mida Total",
        "FreeOf": "lliure de",
        "CalculateFolderSize": "Calcular mida de la carpeta",
        "ProcessID": "Procés ID",
        "Created": "Creat",
        "HideColumns": "Amagar Permisos/Propietari columnes",
        "Folder is empty": "La carpeta és buida",
        "Check Latest Version": "Comprova l'última versió",
        "Generate new password hash": "Crear una nou hash de contrasenya",
        "You are logged in": "Estàs autenticat",
        "Login failed. Invalid username or password": "Error d'inici de sessió. El nom d'usuari o contrasenya són incorrectes",
        "password_hash not supported, Upgrade PHP version": "no és compatible password_hash. Actualitza la versió de PHP"
      }
    },
    {
      "name": "Deutsch",
      "code": "de",
      "translation": {
        "AppName": "Tiny File Manager",
        "AppTitle": "Datei Manager",
        "Login": "Einloggen",
        "Username": "Benutzername",
        "Password": "Passwort",
        "Logout": "Ausloggen",
        "Move": "Verschieben",
        "Copy": "Kopieren",
        "Save": "Speichern",
        "SelectAll": "Alles auswählen",
        "UnSelectAll": "Alles abwählen",
        "File": "Datei",
        "Back": "Zurück",
        "Size": "Größe",
        "Perms": "Berechtigungen",
        "Modified": "Geändert",
        "Owner": "Eigentümer",
        "Search": "Suchen",
        "NewItem": "Neues Element",
        "Folder": "Ordner",
        "Delete": "Löschen",
        "Rename": "Umbenennen",
        "CopyTo": "Kopieren nach",
        "DirectLink": "Direktlink",
        "UploadingFiles": "Datei hochladen",
        "ChangePermissions": "Berechtigungen ändern",
        "Copying": "Kopieren",
        "CreateNewItem": "Neue Datei erstellen",
        "Name": "Name",
        "AdvancedEditor": "Erweiterter Editor",
        "RememberMe": "Eingeloggt bleiben",
        "Actions": "Aktionen",
        "Upload": "Hochladen",
        "Cancel": "Abbrechen",
        "InvertSelection": "Auswahl umkehren",
        "DestinationFolder": "Zielordner",
        "ItemType": "Dateityp",
        "ItemName": "Dateiname",
        "CreateNow": "Jetzt erstellen",
        "Download": "Download",
        "Open": "Öffnen",
        "UnZip": "Entpacken",
        "UnZipToFolder": "Entpacken im Ordner",
        "Edit": "Bearbeiten",
        "NormalEditor": "Standard Editor",
        "BackUp": "Backup",
        "SourceFolder": "Quellordner",
        "Files": "Dateien",
        "Change": "Ändern",
        "Settings": "Einstellungen",
        "Language": "Sprache",
        "You are logged in": "Du bist eingeloggt.",
        "Login failed. Invalid username or password": "Login fehlgeschlagen. Falscher Benutzername oder Passwort.",
        "password_hash not supported, Upgrade PHP version": "password_hash wird nicht unterstützt, aktualisiere die PHP-Version"
      }
    },
    {
      "name": "ภาษาไทย",
      "code": "th",
      "translation": {
        "AppName": "Tiny File Manager",
        "AppTitle": "ตัวจัดการไฟล์",
        "Login": "เข้าสู่ระบบ",
        "Username": "ชื่อผู้ใช้งาน",
        "Password": "รหัสผ่าน",
        "Logout": "ออกจากระบบ",
        "Move": "ย้าย",
        "Copy": "คัดลอก",
        "Save": "บันทึก",
        "SelectAll": "เลือกท้งหมด",
        "UnSelectAll": "ไม่เลือกทั้งหมด",
        "File": "ไฟล์",
        "Back": "กลับ",
        "Size": "ขนาด",
        "Perms": "รหัสสิทธิ์",
        "Modified": "แก้ไขล่าสุดเมื่อ",
        "Owner": "เจ้าของ",
        "Search": "ค้นหา",
        "NewItem": "สร้างใหม่",
        "Folder": "โฟลเดอร์",
        "Delete": "ลบ",
        "Rename": "เปลี่ยนชื่อ",
        "CopyTo": "คัดลอกไปยัง",
        "DirectLink": "ไปยังลิ้งก์นั้น",
        "UploadingFiles": "อัพโหลด",
        "ChangePermissions": "เปลี่ยนสิทธิ์",
        "Copying": "กำลังย้ายข้อมูล",
        "CreateNewItem": "สร้างไฟล์ใหม่",
        "Name": "ชื่อ",
        "AdvancedEditor": "แก้ไขขั้นสูง",
        "RememberMe": "จดจำฉันไว้",
        "Actions": "การทำงาน",
        "Upload": "อัพโหลด",
        "Cancel": "ยกเลิก",
        "InvertSelection": "เปลี่ยนข้อมูล",
        "DestinationFolder": "โฟลเดอร์ปลายทาง",
        "ItemType": "ข้อมูลประเภท",
        "ItemName": "ชื่อไฟล์",
        "CreateNow": "สร้างตอนนี้",
        "Download": "ดาวโหลด",
        "Open": "เปิด",
        "UnZip": "แตก Zip",
        "UnZipToFolder": "แตกไฟล์ในโฟเดอร์นี้",
        "Edit": "แก้ไข",
        "NormalEditor": "แก้ไขปกติ",
        "BackUp": "สำรองข้อมูล",
        "SourceFolder": "โฟลเดอร์ต้นทาง",
        "Files": "ไฟล์",
        "Change": "เปลี่ยน",
        "Settings": "การตั้งค่า",
        "Language": "ภาษา"
      }
    },
    {
      "name": "简体中文",
      "code": "zh-CN",
      "translation": {
        "AppName": "文件管理器",
        "AppTitle": "文件管理器",
        "Login": "登录",
        "Username": "账号",
        "Password": "密码",
        "Logout": "退出",
        "Move": "移动",
        "Copy": "复制",
        "Save": "保存",
        "SelectAll": "全选",
        "UnSelectAll": "取消全选",
        "File": "文件",
        "Back": "取消",
        "Size": "大小",
        "Perms": "权限",
        "Modified": "修改时间",
        "Owner": "拥有者",
        "Search": "查找",
        "NewItem": "创建新文件/文件夹",
        "Folder": "文件夹",
        "Delete": "删除",
        "CopyTo": "复制到",
        "DirectLink": "直链",
        "UploadingFiles": "上传",
        "ChangePermissions": "修改权限",
        "Copying": "复制中",
        "CreateNewItem": "创建新文件",
        "Name": "文件名",
        "AdvancedEditor": "高级编辑器",
        "RememberMe": "记住登录信息",
        "Actions": "执行操作",
        "Upload": "上传",
        "Cancel": "取消",
        "InvertSelection": "反向选择",
        "DestinationFolder": "目标文件夹",
        "ItemType": "文件类型",
        "ItemName": "创建名称",
        "CreateNow": "创建",
        "Download": "下载",
        "UnZip": "解压缩",
        "UnZipToFolder": "解压至目标文件夹",
        "Edit": "编辑",
        "NormalEditor": "编辑器",
        "BackUp": "备份",
        "SourceFolder": "源文件夹",
        "Files": "文件",
        "Change": "修改",
        "Settings": "设置",
        "Language": "语言",
        "Open": "开启",
        "Group": "用户组",
        "Other": "其它用户",
        "Read": "读取权限",
        "Write": "写入权限",
        "Execute": "执行权限",
        "Rename": "重命名",
        "enable": "启用",
        "disable": "禁用",
        "ErrorReporting": "上传错误报告",
        "ShowHiddenFiles": "显示隐藏文件",
        "Help": "帮助",
        "HideColumns": "隐藏权限&拥有者",
        "CalculateFolderSize": "显示文件夹大小",
        "FullSize": "所有文件大小",
        "MemoryUsed": "使用内存",
        "PartitionSize": "可用空间",
        "FreeOf": "磁盘大小",
        "Check Latest Version": "检查更新",
        "Generate new password hash": "生成新的hash密码",
        "Report Issue": "报告问题",
        "Help Documents": "帮助文档",
        "Generate": "生成",
        "Preview": "预览"
      }
    },
    {
      "name": "中文(繁體)",
      "code": "zh-TW",
      "translation": {
        "AppName": "檔案管理器",
        "AppTitle": "檔案管理器",
        "Login": "登入",
        "Username": "帳號",
        "Password": "密碼",
        "Logout": "登出",
        "Move": "移動",
        "Copy": "複製",
        "Save": "儲存",
        "SelectAll": "選擇全部",
        "UnSelectAll": "取消選擇全部",
        "File": "檔案",
        "Back": "返回",
        "Size": "大小",
        "Perms": "權限",
        "Modified": "修改時間",
        "Owner": "擁有者",
        "Search": "搜尋",
        "NewItem": "建立新檔案或資料夾",
        "Folder": "資料夾",
        "Delete": "刪除",
        "CopyTo": "複製到",
        "DirectLink": "直接連結",
        "UploadingFiles": "上傳檔案",
        "ChangePermissions": "變更權限",
        "Copying": "複製",
        "CreateNewItem": "建立新檔案",
        "Name": "檔名",
        "AdvancedEditor": "進階編輯",
        "RememberMe": "記住我",
        "Actions": "動作",
        "Upload": "上傳",
        "Cancel": "取消",
        "InvertSelection": "選擇反轉",
        "DestinationFolder": "目標資料夾",
        "ItemType": "檔案類型",
        "ItemName": "檔案檔名",
        "CreateNow": "建立",
        "Download": "下載",
        "UnZip": "解壓縮",
        "UnZipToFolder": "解壓縮至資料夾",
        "Edit": "編輯",
        "NormalEditor": "普通編輯",
        "BackUp": "上傳",
        "SourceFolder": "來源資料夾",
        "Files": "檔案",
        "Change": "變更",
        "Settings": "設定",
        "Language": "語言",
        "Open": "開啟",
        "Group": "群組",
        "Other": "其他",
        "Read": "讀取",
        "Write": "寫入",
        "Execute": "執行",
        "Rename": "重新命名",
        "enable": "開啟",
        "disable": "關閉",
        "ErrorReporting": "錯誤報告",
        "Help": "幫助",
        "ShowHiddenFiles": "顯示隱藏的檔案",
        "HideColumns": "不顯示權限以及擁有者",
        "CalculateFolderSize": "顯示資料夾大小",
        "Help Documents": "幫助文件",
        "Report Issue": "回報問題",
        "Check Latest Version": "檢查最新版本",
        "Generate new password hash": "建立新的密碼 Hash 函數",
        "Generate": "建立",
        "FullSize": "所有檔案容量",
        "MemoryUsed": "使用的記憶體大小",
        "PartitionSize": "剩餘可用空間",
        "FreeOf": "硬碟容量:"
      }
    },
    {
      "name": "Bahasa Indonesia",
      "code": "id",
      "translation": {
        "AppName": "Tiny File Manager",
        "AppTitle": "Pengelola Berkas",
        "Login": "Masuk",
        "Username": "Nama pengguna",
        "Password": "Kata sandi",
        "Logout": "Keluar",
        "Move": "Pindah",
        "Copy": "Salin",
        "Save": "Simpan",
        "SelectAll": "Tandai semua",
        "UnSelectAll": "Urungkan tandai",
        "File": "Berkas",
        "Back": "Kembali",
        "Size": "Ukuran",
        "Perms": "Hak akses",
        "Modified": "Terakhir diubah",
        "Owner": "Pemilik",
        "Search": "Cari",
        "NewItem": "Item baru",
        "Folder": "Folder",
        "Delete": "Hapus",
        "Rename": "Ganti nama",
        "CopyTo": "Salin ke",
        "DirectLink": "Tautan langsung",
        "UploadingFiles": "Mengunggah berkas",
        "ChangePermissions": "Ubah hak akses",
        "Copying": "Menyalin",
        "CreateNewItem": "Buat item baru",
        "Name": "Nama",
        "AdvancedEditor": "Editor tingkat lanjut",
        "RememberMe": "Ingat saya",
        "Actions": "Aksi",
        "Upload": "Unggah",
        "Cancel": "Urungkan",
        "InvertSelection": "Tandai sebaliknya",
        "DestinationFolder": "Folder tujuan",
        "ItemType": "Tipe item",
        "ItemName": "Nama item",
        "CreateNow": "Buat sekarang",
        "Download": "Unduh",
        "Open": "Buka",
        "UnZip": "UnZip",
        "UnZipToFolder": "UnZip ke folder",
        "Edit": "Edit",
        "NormalEditor": "Editor normal",
        "BackUp": "Cadangkan",
        "SourceFolder": "Folder asal",
        "Files": "Berkas-berkas",
        "Change": "Ubah",
        "Settings": "Setelan",
        "Language": "Bahasa",
        "MemoryUsed": "Memori digunakan",
        "PartitionSize": "Ukuran partisi",
        "ErrorReporting": "Pelaporan kesalahan",
        "ShowHiddenFiles": "Tampilkan berkas tersembunyi",
        "Full size": "Total ukuran",
        "Help": "Bantuan",
        "Free of": "dari",
        "Preview": "Pratinjau",
        "Help Documents": "Dokumen bantuan",
        "Report Issue": "Laporkan masalah",
        "Generate": "Hasilkan",
        "FullSize": "Total ukuran",
        "FreeOf": "dari",
        "CalculateFolderSize": "Kalkulasi ukuran foler",
        "ProcessID": "ID proses",
        "Created": "Dibuat",
        "HideColumns": "Sembunyikan kolom hak akses/pemilik",
        "Folder is empty": "Folder kosong",
        "Check Latest Version": "Periksa versi terbaru",
        "Generate new password hash": "Buat hash kata sandi baru",
        "You are logged in": "Anda sudah masuk",
        "Login failed. Invalid username or password": "Gagal masuk. Nama pengguna atau kata sandi tidak valid",
        "password_hash not supported, Upgrade PHP version": "Tidak mendukung password_hash, Perbarui versi PHP"
      }
    },
    {
      "name": "Ελληνικά",
      "code": "gr",
      "translation": {
        "AppName": "Tiny File Manager",
        "AppTitle": "File Manager",
        "Login": "Είσοδος",
        "Username": "Username",
        "Password": "Password",
        "Logout": "Αποσύνδεση",
        "Move": "Μετακίνση",
        "Copy": "Αντιγραφή",
        "Save": "Αποθήκευση",
        "SelectAll": "Επιλογή όλων",
        "UnSelectAll": "Αποεπιλογή όλων",
        "File": "Αρχείο",
        "Back": "Πίσω",
        "Size": "Μέγεθος",
        "Perms": "Άδειες",
        "Modified": "Τροποποιημένο",
        "Owner": "Ιδιοκτήτης",
        "Search": "Αναζήτηση",
        "NewItem": "Νέο Αντικείμενο",
        "Folder": "Φάκελος",
        "Delete": "Διαγραφή",
        "Rename": "Μετονομασία",
        "CopyTo": "Αντιγραφή σε",
        "DirectLink": "Direct Link",
        "UploadingFiles": "Ανέβασμα αρχείων",
        "ChangePermissions": "Αλλαγή αδειών",
        "Copying": "Αντιγραφή σε εξέλιξη",
        "CreateNewItem": "Δημιουργία νέου αντικειμένου",
        "Name": "Όνομα",
        "AdvancedEditor": "Editor για προχωρημένους",
        "RememberMe": "Θυμήσου με",
        "Actions": "Ενέργειες",
        "Upload": "Ανέβασμα",
        "Cancel": "Ακύρωση",
        "InvertSelection": "Αναίρεση επιλογής",
        "DestinationFolder": "Φάκελος προορισμού",
        "ItemType": "Τύπος αντικειμένου",
        "ItemName": "Όνομα αντικειμένου",
        "CreateNow": "Δημιούργησε τώρα",
        "Download": "Download",
        "Open": "Άνοιξε",
        "UnZip": "Αποσυμπίεση",
        "UnZipToFolder": "Αποσυμπίεση σε φάκελο",
        "Edit": "Επεξεργασία",
        "NormalEditor": "Βασικός editor",
        "BackUp": "Back-Up",
        "SourceFolder": "Πηγή",
        "Files": "Αρχεία",
        "Change": "Τροποποίησε",
        "Settings": "Ρυθμίσεις",
        "Language": "Γλώσσα",
        "MemoryUsed": "Η μνήμη χρησιμοποιείται",
        "PartitionSize": "Μέγεθος partition"
      }
    },
    {
      "name": "Português",
      "code": "pt",
      "translation": {
        "AppName": "Gerenciador de arquivos Tiny",
        "AppTitle": "Gerenciador de arquivos",
        "Login": "Iniciar Sessão",
        "Username": "Nome de usuário",
        "Password": "Senha",
        "Logout": "Sair",
        "Move": "Mover",
        "Copy": "Copiar",
        "Save": "Salvar",
        "SelectAll": "Selecionar tudo",
        "UnSelectAll": "Desmarcar tudo",
        "File": "Arquivo",
        "Back": "Voltar",
        "Size": "Tamanho",
        "Perms": "Permissões",
        "Modified": "Modificado",
        "Owner": "Proprietário",
        "Search": "Buscar",
        "NewItem": "Novo Item",
        "Folder": "Pasta",
        "Delete": "Excluir",
        "Rename": "Renomear",
        "CopyTo": "Copiar em",
        "DirectLink": "Link direto",
        "UploadingFiles": "Upload de arquivos",
        "ChangePermissions": "Alterar permissões",
        "Copying": "Copiando",
        "CreateNewItem": "Criar novo item",
        "Name": "Nome",
        "AdvancedEditor": "Editor Avançado",
        "RememberMe": "Lembra de mim",
        "Actions": "Ações",
        "Upload": "Upload",
        "Cancel": "Cancelar",
        "InvertSelection": "Seleção reversa",
        "DestinationFolder": "Pasta de destino",
        "ItemType": "Tipo de Item",
        "ItemName": "Nome do item",
        "CreateNow": "Criar",
        "Download": "Baixar",
        "Open": "Abrir",
        "UnZip": "Descompactar os arquivos",
        "UnZipToFolder": "Descompactar na pasta",
        "Edit": "Editar",
        "NormalEditor": "Editor Normal",
        "BackUp": "Copia de segurança",
        "SourceFolder": "Pasta atual",
        "Files": "Arquivos",
        "Change": "Alterar",
        "Settings": "Preferências",
        "Language": "Idioma",
        "Preview": "Visualizar",
        "MemoryUsed": "Memória usada",
        "PartitionSize": "Tamanho da partição",
        "ErrorReporting": "Relatório de erros",
        "ShowHiddenFiles": "Mostrar arquivos ocultos",
        "Group": "Grupo",
        "Other": "Outros",
        "Read": "Ler",
        "Write": "Escrever",
        "Execute": "Executar",
        "enable": "habilitar",
        "disable": "desativar",
        "FreeOf": "Livre de",
        "Free Of": "Livre de",
        "FullSize": "tamanho completo",
        "Help": "Ajuda / Suporte",
        "Generate": "Gerar",
        "Report Issue": "Informar problema",
        "Generate new password hash": "Gerar nova hash de senha",
        "Help Documents": "Documentos de Ajuda",
        "Check Latest Version": "Verifique a última versão",
        "HideColumns": "Ocultar colunas Perms / Owner",
        "CalculateFolderSize": "Calcular o tamanho da pasta",

        "Advanced Search": "Busca Avançada",
        "Nothing selected": "Nada selecionado",
        "Renamed from": "Renomeado de",
        "Deleted": "Excluído",
        "Copied from": "Copiado de",
        "to": "Para",
        "Not found": "Não encontrado",
        "Archive": "Arquivo",
        "Select folder": "Selecione uma pasta",
        "already exists": "já existe",
        "Create archive?": "Criar arquivo?",
        "Archive unpacked": "Arquivo descompactado",
        "Root path": "Caminho raiz",
        "File not found": "Arquivo não encontrado",
        "Error while copying fro": "Erro ao copiar para lá",
        "Paths must be not equal": "Os caminhos não devem ser iguais",
        "Archive not unpacked": "Arquivo não descompactado",
        "Archive not created": "Arquivo não criado",
        "Permissions changed": "Permissões alteradas",
        "Saved Successfully": "Salvo com sucesso ",
        "File Saved Successfully": "Arquivo salvo com sucesso ",
        "Permissions not changed": "Permissões não alteradas",
        "Source path not defined": "Caminho de origem não definido",
        "Error while moving from": "Erro ao mudar de",
        "Invalid file or folder name": "Nome de arquivo ou pasta inválido",
        "File extension is not allowed": "A extensão do arquivo não é permitida",
        "Error while renaming from": "Erro ao renomear de",
        "Error while deleting items": "Erro ao excluir itens",
        "Invalid characters in file name": "Caracteres inválidos no nome do arquivo",
        "FILE EXTENSION HAS NOT SUPPORTED": "A EXTENSÃO DE ARQUIVO NÃO É SUPORTADA",
        "Selected files and folder deleted": "Arquivos e pastas selecionados excluídos",
        "Error while fetching archive info": "Erro ao obter informações do arquivo",
        "Delete selected files and folders?": "Excluir arquivos e pastas selecionados?",
        "Search file in folder and subfolders...": "Pesquisar arquivo na pasta e nas subpastas ...",
        "Access denied. IP restriction applicable": "Acesso negado. Restrição de IP aplicável",
        "Invalid characters in file or folder name": "Caracteres inválidos no nome do arquivo ou pasta",
        "Operations with archives are not available": "Operações com arquivos não estão disponíveis",
        "File or folder with this path already exists": "O arquivo ou pasta com este caminho já existe",

        "Folder is empty": "A pasta está vazia",
        "Moved from": "Movido de",
        "Created": "Criado",
        "You are logged in": "Você está logado",
        "Login failed. Invalid username or password": "Falha na autenticação. nome de usuário ou senha inválidos"
      }
    },
    {
      "name": "Polski",
      "code": "pl",
      "translation": {
        "AppName": "Tiny File Manager",
        "AppTitle": "Menedżer plików",
        "Login": "Login",
        "Username": "Nazwa Użytkownika",
        "Password": "Hasło",
        "Logout": "Wyloguj",
        "Move": "Przenieś",
        "Copy": "Kopiuj",
        "Save": "Zapisz",
        "SelectAll": "Zaznacz wszystko",
        "UnSelectAll": "Odznacz wszystko",
        "File": "Plik",
        "Back": "Cofnij",
        "Size": "Rozmiar",
        "Perms": "Uprawnienia",
        "Modified": "Zmodyfikowano",
        "Owner": "Właściciel",
        "Search": "Szukaj",
        "NewItem": "Nowy plik",
        "Folder": "Folder",
        "Delete": "Usuń",
        "Rename": "Zmień nazwę",
        "CopyTo": "Kopiuj do",
        "DirectLink": "Link bezpośredni",
        "UploadingFiles": "Wysyłanie plików",
        "ChangePermissions": "Zmień uprawnienia",
        "Copying": "Kopiowanie",
        "CreateNewItem": "Utwórz nowy plik",
        "Name": "Nazwa",
        "AdvancedEditor": "Zaawansowany edytor",
        "RememberMe": "Pamiętaj mnie",
        "Actions": "Akcje",
        "Upload": "Wyślij",
        "Cancel": "Anuluj",
        "InvertSelection": "Odwróć zaznaczenie",
        "DestinationFolder": "Folder docelowy",
        "ItemType": "Typ pliku",
        "ItemName": "Nazwa pliku",
        "CreateNow": "Utwórz nowy",
        "Download": "Pobierz",
        "Open": "Otwórz",
        "UnZip": "Rozpakuj",
        "UnZipToFolder": "Rozpakuj do",
        "Edit": "Edytuj",
        "NormalEditor": "Edytuj normalnie",
        "BackUp": "Kopia zapasowa",
        "SourceFolder": "Folder źródłowy",
        "Files": "Pliki",
        "Change": "Zmień",
        "Settings": "Ustawienia",
        "Language": "Język"
      }
    },
    {
      "name": "Tiếng Việt",
      "code": "vi",
      "translation": {
      "AppName": "Trình quản lí tệp Tiny",
      "AppTitle": "Quản lý tệp",
      "Login": "Đăng nhập",
      "Username": "Tên đăng nhập",
      "Password": "Mật khẩu",
      "Logout": "Đăng xuất",
      "Move": "Di chuyển",
      "Copy": "Sao chép",
      "Save": "Lưu",
      "SelectAll": "Chọn tất cả",
      "UnSelectAll": "Hủy chọn tất cả",
      "File": "Tệp tin",
      "Back": "Trở về",
      "Size": "Kích cỡ",
      "Perms": "Quyền",
      "Modified": "Sửa đổi lần cuối",
      "Search": "Tìm kiếm",
      "NewItem": "Tạo mới",
      "Folder": "Thư mục",
      "Delete": "Xóa",
      "Rename": "Đổi tên",
      "CopyTo": "Sao chép đến",
      "DirectLink": "Đường dẫn URL",
      "UploadingFiles": "Tải lên file",
      "ChangePermissions": "Thay đổi quyền",
      "Copying": "Sao chép",
      "CreateNewItem": "Tạo mới",
      "Name": "Tên",
      "AdvancedEditor": "Chỉnh sửa nâng cao",
      "RememberMe": "Ghi nhớ đăng nhập",
      "Actions": "Tùy Chọn",
      "Upload": "Tải lên",
      "Cancel": "Hủy",
      "InvertSelection": "Đảo ngược vùng chọn",
      "DestinationFolder": "Đến",
      "ItemType": "Tạo mới",
      "ItemName": "Tên tệp/thư mục",
      "CreateNow": "Tạo",
      "Download": "Tải xuống",
      "Open": "Mở",
      "UnZip": "Giải nén",
      "UnZipToFolder": "Giải nén đến thư mục",
      "Edit": "Chỉnh sửa",
      "NormalEditor": "Chỉnh sửa thông thường",
      "BackUp": "Sao lưu",
      "SourceFolder": "Từ",
      "Files": "Tệp tin",
      "Change": "Thay đổi",
      "Settings": "Cài đặt",
      "Language": "Ngôn ngữ",
      "PartitionSize": "Còn trống",
      "Advanced Search": "Tìm kiếm nâng cao",
      "Full size": "Đã dùng",
      "Folder is empty": "Thư mực rỗng",
      "Search file in folder and subfolders...": "Tìm file toàn thư mục...",
      "Help": "Trợ gúp",
      "You are logged in": "Đăng nhập thành công",
      "ErrorReporting": "Báo cáo lỗi",
      "ShowHiddenFiles": "Hiển thị file ẩn",
      "Preview": "Xem",
      "Help Documents": "Hướng dẫn",
      "Report Issue": "Báo cáo lỗi",
      "Generate": "Tạo",
      "FullSize": "Tổng dung lượng",
      "FreeOf": "trong tổng số",
      "Calculate folder size": "Kích thước thư mục",
      "Check Latest Version": "Kiểm tra phiên bản mới",
      "Generate new password hash": "Trình tạo mật khẩu mã hash",
      "HideColumns": "Ẩn cột quyền/chủ sỡ hữu",
      "Owner": "Chủ sở hữu/Owner",
      "Group": "Nhóm/Group",
      "Other": "Khác/Other",
      "Read": "Đọc",
      "Write": "Ghi",
      "Execute": "Thực thi",
      "enable": "Bật",
      "disable": "Tắt",
      "Free Of": "trong tổng số",
      "CalculateFolderSize": "Tính toán kích thước thư mục",
      "Nothing selected": "Không có gì được chọn",
      "Renamed from": "Đã đổi tên từ",
      "Deleted": "đã được xóa",
      "Copied from": "Được sao chép từ",
      "to": "sang",
      "Not found": "Không tìm thấy",
      "Archive": "Lưu trữ",
      "Select folder": "Chọn thư mục",
      "already exists": "đã tồn tại",
      "Create archive?": "Tạo kho lưu trữ?",
      "Archive unpacked": "Lưu trữ đã được giải nén",
      "Root path": "Đường dẫn gốc",
      "File not found": "Không tìm thấy tệp",
      "Error while copying from": "Lỗi khi sao chép từ",
      "Paths must be not equal": "Đường dẫn không được giống nhau",
      "Archive not unpacked": "Lưu trữ chưa được giải nén",
      "Archive not created": "Bản lưu trữ chưa được tạo",
      "Permissions changed": "Đã thay đổi quyền",
      "Saved Successfully": "Thành công ",
      "File Saved Successfully": "Thành công ",
      "Permissions not changed": "Quyền không được thay đổi",
      "Source path not defined": "Đường dẫn nguồn không được xác định",
      "Error while moving from": "Lỗi khi di chuyển từ",
      "Invalid file or folder name": "Tên tệp hoặc thư mục không hợp lệ",
      "File extension is not allowed": "Định dạng không được hỗ trợ",
      "Error while renaming from": "Lỗi khi đổi tên từ",
      "Error while deleting items": "Lỗi khi xóa các mục",
      "Invalid characters in file name": "Ký tự không hợp lệ",
      "FILE EXTENSION HAS NOT SUPPORTED": "ĐỊNH DẠNG KHÔNG ĐƯỢC HỖ TRỢ",
      "Selected files and folder deleted": "Đã xóa các tệp và thư mục được chọn",
      "Error while fetching archive info": "Lỗi",
      "Delete selected files and folders?": "Xóa các tệp và thư mục đã chọn?",
      "Access denied. IP restriction applicable": "Từ chối quyền truy cập",
      "Invalid characters in file or folder name": "Ký tự không hợp lệ",
      "Operations with archives are not available": "Không khả dụng",
      "File or folder with this path already exists": "Tệp hoặc thư mục đã tồn tại",
      "Moved from": "Chuyển từ",
      "Created": "đã tạo",
      "Login failed. Invalid username or password": "Không tìm thấy người dùng",
      "Theme": "Chủ đề"
      }
    },
    {
      "name": "Hebrew",
      "code": "he",
      "translation": {
        "AppName": "סייר קבצים - טיני",
        "AppTitle": "סייר קבצים",
        "Login": "התחבר",
        "Username": "שם משתמש",
        "Password": "סיסמה",
        "Logout": "התנתק",
        "Move": "העבר",
        "Copy": "העתק",
        "Save": "שמור",
        "SelectAll": "בחר הכל",
        "UnSelectAll": "בטל בחירה מהכל",
        "File": "קובץ",
        "Back": "חזור",
        "Size": "גודל",
        "Perms": "הרשאות",
        "Modified": "עודכן בתאריך",
        "Owner": "בעלים",
        "Search": "חיפוש",
        "NewItem": "חדש",
        "Folder": "תיקייה",
        "Delete": "מחק",
        "Rename": "שנה שם",
        "CopyTo": "העתק ל",
        "DirectLink": "קישור ישיר",
        "UploadingFiles": "מעלה קבצים",
        "ChangePermissions": "שנה הרשאות",
        "Copying": "העותק",
        "CreateNewItem": "צור פריט חדש",
        "Name": "שם",
        "AdvancedEditor": "עורך מתקדם",
        "RememberMe": "זכור אותי",
        "Actions": "פעולות",
        "Upload": "העלה",
        "Cancel": "ביטול",
        "InvertSelection": "הפוך את הבחירה",
        "DestinationFolder": "תיקיית יעד",
        "ItemType": "סוג פריט",
        "ItemName": "שם הפריט",
        "CreateNow": "צור עכשיו",
        "Download": "הורד",
        "Open": "פתח",
        "UnZip": "חילוץ",
        "UnZipToFolder": "חלץ לתיקייה",
        "Edit": "ערוך",
        "NormalEditor": "עורך רגיל",
        "BackUp": "גיבוי",
        "SourceFolder": "תקיית מקור",
        "Files": "קבצים",
        "Change": "שנה",
        "Settings": "הגדרות",
        "Language": "שפה",
        "MemoryUsed": "זיכרון בשימוש",
        "PartitionSize": "גודל מחיצה"
      }
    },
    {
      "name": "العربية",
      "code": "Ar",
      "translation": {
        "AppName": "مدير الملفات الصغير",
        "AppTitle": "مدير الملفات",
        "Login": "دخول",
        "Username": "اسم المستخدم",
        "Password": "كلمة المرور",
        "Logout": "خروج",
        "Move": "نقل",
        "Copy": "نسخ",
        "Save": "حفظ",
        "SelectAll": "تحديد الكل",
        "UnSelectAll": "الغاء تحديد الكل",
        "File": "ملف",
        "Back": "رجوع",
        "Size": "حجم",
        "Perms": "صلاحيات",
        "Modified": "عدل بـ",
        "Owner": "المالك",
        "Search": "بحث",
        "NewItem": "عنصر جديد",
        "Folder": "مجلد",
        "Delete": "حذف",
        "Rename": "تسمية",
        "CopyTo": "نسخ الى",
        "DirectLink": "رابط مباشر",
        "UploadingFiles": "رفع ملفات",
        "ChangePermissions": "تغيير الصلاحيات",
        "Copying": "جاري النسخ",
        "CreateNewItem": "انشاء عنصر جديد",
        "Name": "اسم",
        "AdvancedEditor": "محرر متقدم",
        "RememberMe": "تذكرني",
        "Actions": "عمليات",
        "Upload": "رفع",
        "Cancel": "الغاء",
        "InvertSelection": "عكس التحديد",
        "DestinationFolder": "مجلد",
        "ItemType": "نوع العنصر",
        "ItemName": "اسم العنصر",
        "CreateNow": "انشأ الآن",
        "Download": "تحميل",
        "Open": "فتح",
        "UnZip": "فك الضغط",
        "UnZipToFolder": "فك الصغط لملف",
        "Edit": "نحرير",
        "NormalEditor": "محرر عادي",
        "BackUp": "نسخة احتياطية",
        "SourceFolder": "مجلد المصدر",
        "Files": "ملفات",
        "Change": "تغيير",
        "Settings": "اعدادات",
        "Language": "لغة",
        "MemoryUsed": "الذاكرة المستخدمة",
        "PartitionSize": "حجم القسم",
        "Free of": "مساحة فارغة من ",
        "Preview": "عرض",
        "Full size": "الحجم الكلي",
        "ErrorReporting": "التبليغ باخطاء",
        "ShowHiddenFiles": "اظهار الملفات المخفية",
        "Help": "مساعدة",
        "Generate": "توليد",
        "Report Issue": "التبليغ بمشكلة",
        "Generate new password hash": "توليد هاش لكلمة المرور",
        "Help Documents": "وثائق المساعدة",
        "Check Latest Version": "تفقد آخر الاصدارات"
      }
    },
    {
      "name": "Česky",
      "code": "cz",
      "translation": {
        "AppName": "Tiny File Manager",
        "AppTitle": "File Manager",
        "Login": "Přihlásit",
        "Username": "Přihlašovací jméno",
        "Password": "Heslo",
        "Logout": "Odhlásit",
        "Move": "Přesunout",
        "Copy": "Kopírovat",
        "Save": "Uložit",
        "SelectAll": "Vybrat vše",
        "UnSelectAll": "Odebrat vše",
        "File": "Soubor",
        "Back": "Zpět",
        "Size": "Velikost",
        "Perms": "Oprávnění",
        "Modified": "Změněno",
        "Owner": "Vlastník",
        "Search": "Hledat",
        "NewItem": "Nová položka",
        "Folder": "Složka",
        "Delete": "Smazat",
        "Rename": "Přejmenovat",
        "CopyTo": "Kopírovat do",
        "DirectLink": "Přímý odkaz",
        "UploadingFiles": "Nahrát soubory",
        "ChangePermissions": "Změnit oprávnění",
        "Copying": "Kopírování",
        "CreateNewItem": "Vytvoř novou položku",
        "Name": "Název",
        "AdvancedEditor": "Vylepšený editor",
        "RememberMe": "Pamatuj si mně",
        "Actions": "Akce",
        "Upload": "Nahrát",
        "Cancel": "Zrušit",
        "InvertSelection": "Obrať výběr",
        "DestinationFolder": "Konečná složka",
        "ItemType": "Typ položky",
        "ItemName": "Název položky",
        "CreateNow": "Vytvořit",
        "Download": "Stáhnout",
        "Open": "Otevřít",
        "UnZip": "Rozbalit",
        "UnZipToFolder": "Rozbalit do",
        "Edit": "Upravit",
        "NormalEditor": "Editor",
        "BackUp": "Záloha",
        "SourceFolder": "Zdrojová složka",
        "Files": "Soubory",
        "Change": "Změnit",
        "Settings": "Nastavení",
        "Language": "Jazyk",
        "MemoryUsed": "Využitá paměť",
        "PartitionSize": "Velikost oddílu",
        "ErrorReporting": "Hlášení chyb",
        "ShowHiddenFiles": "Zobrazit skryté soubory",
        "Preview": "Náhled",
        "Help": "Nápověda",
        "FullSize": "Celková velikost",
        "FreeOf": "volné z",
        "Help Documents": "Dokumentace",
        "Report Issue": "Nahlásit chybu",
        "Generate": "Generovat",
        "CalculateFolderSize": "Počítat velikosti složek",
        "ProcessID": "ID procesu",
        "Created": "Vytvořeno",
        "HideColumns": "Skrýt sloupce oprávnění a vlastníka",
        "Folder is empty": "Složka je prázdná",
        "Check Latest Version": "Vyhledat aktualizace",
        "Generate new password hash": "Vygenerovat nový hash hesla",
        "You are logged in": "Jste přihlášen(a)",
        "Login failed. Invalid username or password": "Chyba přihlášení: špatně zadané heslo nebo uživatelské jméno",
        "password_hash not supported, Upgrade PHP version": "Funkce password_hash není dostupná, aktualizujte PHP na novější verzi"
      }
    },
    {
      "name": "Türkçe",
      "code": "tr",
      "translation": {
        "Tiny File Manager": "Tiny Dosya Yöneticisi",
        "File Manager": "Dosya Yöneticisi",
        "Sign in": "Giriş Yap",
        "Username": "Kullanıcı adı",
        "Password": "Parola",
        "Sign Out": "Çıkış Yap",
        "Move": "Taşı",
        "Copy": "Kopyala",
        "Save": "Kaydet",
        "Select all": "Hepsini Seç",
        "Unselect all": "Hepsini Bırak",
        "File": "Dosya",
        "Back": "Geri",
        "Size": "Boyut",
        "Perms": "İzinler",
        "Modified": "Son Düzenleme",
        "Owner": "Sahibi",
        "Search": "Arama",
        "New Item": "Yeni Dosya",
        "Folder": "Klasör",
        "Delete": "Sil",
        "Rename": "Yeniden Adlandır",
        "Copy to": "Şuraya Kopyala",
        "Direct link": "Erişim Linki",
        "Upload Files": "Dosyaları Yükle",
        "Change Permissions": "İzinleri Değiştir",
        "Copying": "Kopyalanıyor",
        "Create New Item": "Yeni Dosya Oluştur",
        "Name": "Ad",
        "Advanced Editor": "Gelişmiş Düzenleyici",
        "Remember Me": "Beni Hatırla",
        "Actions": "Hareketler",
        "Upload": "Yükle",
        "Cancel": "İptal Et",
        "Invert Selection": "Seçimi Geri Al",
        "Destination Folder": "Hedef klasör",
        "Item Type": "Dosya Türü",
        "Item Name": "Dosya Adı",
        "Create Now": "Oluştur",
        "Download": "İndir",
        "Open": "Aç",
        "UnZip": "Arşivden çıkart",
        "UnZip to folder": "Klasöre Çıkart",
        "Edit": "Düzenle",
        "Normal Editor": "Normal Düzenleyici",
        "Back Up": "Yedekle",
        "Source Folder": "Kaynak Klasör",
        "Files": "Dosyalar",
        "Change": "Değişim",
        "Settings": "Ayarlar",
        "Language": "Dil",
        "Memory used": "Kullanılan Bellek",
        "Partition size": "Disk Boyutu",
        "Error Reporting": "Hata Raporlama",
        "Show Hidden Files": "Gizli Dosyaları Göster",
        "Full size": "Toplam Boyut",
        "Help": "Yardım",
        "Free of": "Boş Olan",
        "Preview": "Görüntüle",
        "Help Documents": "Dökümanlar",
        "Report Issue": "Sorun Bildir",
        "Generate": "Oluştur",
        "Full Size": "Toplam Boyut",
        "free of": "Boş olan",
        "Calculate folder size": "Klasör Boyutlarını Hesapla",
        "Check Latest Version": "Güncel Sürümü Kontrol Et",
        "Generate new password hash": "Parola için Hash Üret",
        "Hide Perms/Owner columns": "Yetki / Sahip Sütununu Gizle"
      }
    },
    {
      "name": "Slovensky",
      "code": "sk",
      "translation": {
        "AppName": "Tiny File Manager",
        "AppTitle": "File Manager",
        "Login": "Prihlásiť sa",
        "Username": "Prihlasovacie meno",
        "Password": "Heslo",
        "Logout": "Odhlásiť",
        "Move": "Presunúť",
        "Copy": "Kopírovať",
        "Save": "Uložiť",
        "SelectAll": "Vybrať všetko",
        "UnSelectAll": "Zrušiť výber",
        "File": "Súbor",
        "Back": "Späť",
        "Size": "Veľkosť",
        "Perms": "Oprávnenia",
        "Modified": "Zmenené",
        "Owner": "Vlastník",
        "Search": "Hľadať",
        "NewItem": "Nový súbor",
        "Folder": "Priečinok",
        "Delete": "Zmazať",
        "Rename": "Premenovať",
        "CopyTo": "Kopírovať do",
        "DirectLink": "Priamy odkaz",
        "UploadingFiles": "Nahrať súbory",
        "ChangePermissions": "Zmeniť oprávnenia",
        "Copying": "Kopírovanie",
        "CreateNewItem": "Vytvoriť nový súbor",
        "Name": "Názov",
        "AdvancedEditor": "Pokročilý editor",
        "RememberMe": "Zapamätať",
        "Actions": "Akcie",
        "Upload": "Nahrať",
        "Cancel": "Zrušiť",
        "InvertSelection": "Obrátiť výber",
        "DestinationFolder": "Cieľový priečinok",
        "ItemType": "Typ súboru",
        "ItemName": "Názov súboru",
        "CreateNow": "Vytvoriť",
        "Download": "Stiahnúť",
        "Open": "Otvoriť",
        "UnZip": "Rozbaliť",
        "UnZipToFolder": "Rozbaliť do",
        "Edit": "Upraviť",
        "NormalEditor": "Editor",
        "BackUp": "Záloha",
        "SourceFolder": "Zdrojový priečinok",
        "Files": "Súbory",
        "Change": "Zmeniť",
        "Settings": "Nastavenia",
        "Language": "Jazyk",
        "MemoryUsed": "Využitá pamäť",
        "PartitionSize": "Veľkosť oddielu",
        "ErrorReporting": "Hlásenie chýb",
        "ShowHiddenFiles": "Zobraziť skryté súbory",
        "Preview": "Náhľad",
        "Help": "Pomoc",
        "FullSize": "Celková veľkosť",
        "FreeOf": "voľné z"
      }
    },
    {
      "name": "Slovensko",
      "code": "sl",
      "translation": {
        "AppName": "Tiny File Manager",
        "AppTitle": "Raziskovalec",
        "Login": "Prijava",
        "Username": "Uporabniško ime",
        "Password": "Geslo",
        "Logout": "Odjava",
        "Move": "Premakni",
        "Copy": "Kopiraj",
        "Save": "Shrani",
        "SelectAll": "Izberi vse",
        "UnSelectAll": "Izberi nič",
        "File": "Datoteka",
        "Back": "Nazaj",
        "Size": "Velikost",
        "Perms": "Pravice",
        "Modified": "Spremenjeno",
        "Owner": "Lastnik",
        "Search": "Iskanje",
        "NewItem": "Nov objekt",
        "Folder": "Mapa",
        "Delete": "Izbriši",
        "Rename": "Preimenuj",
        "CopyTo": "Kopiraj v",
        "DirectLink": "Direktlink",
        "UploadingFiles": "Naloži datoteko",
        "ChangePermissions": "Spremeni pravice",
        "Copying": "Kopiranje",
        "CreateNewItem": "Ustvari nov objekt",
        "Name": "Ime",
        "AdvancedEditor": "Razširjeni urejevalnik",
        "RememberMe": "Ostani prijavljen",
        "Actions": "Aktivnosti",
        "Upload": "Naloži",
        "Cancel": "Prekliči",
        "InvertSelection": "Obrni izbor",
        "DestinationFolder": "Ciljna mapa",
        "ItemType": "Tip objekta",
        "ItemName": "Ime objekta",
        "CreateNow": "Ustvari nov",
        "Download": "Prenesi",
        "Open": "Odpri",
        "UnZip": "Razširi",
        "UnZipToFolder": "Razširi v mapo",
        "Edit": "Uredi",
        "NormalEditor": "Standardni urejevalnik",
        "BackUp": "Varnostna kopija",
        "SourceFolder": "Izhodiščna mapa",
        "Files": "Datoteke",
        "Change": "Spremeni",
        "Settings": "Nastavitve",
        "Language": "Jezik",
        "You are logged in": "Ste uspešno prijavljeni",
        "Login failed. Invalid username or password": "Prijava je spodletela. Napačno uporabniško ime ali geslo.",
        "password_hash not supported, Upgrade PHP version": "password_hash ni podprt, nadgradite različico PHP"
      }
    },
    {
      "name": "Suomi",
      "code": "fi",
      "translation": {
        "AppName": "Tiny File Manager",
        "AppTitle": "File Manager",
        "Login": "Kirjautuminen",
        "Username": "Käyttäjänimi",
        "Password": "Salasana",
        "Logout": "Kirjaudu ulos",
        "Move": "Siirrä",
        "Copy": "Kopioi",
        "Save": "Tallenna",
        "SelectAll": "Valitse kaikki",
        "UnSelectAll": "Poista valinnat",
        "File": "Tiedosto",
        "Back": "Takaisin",
        "Size": "Koko",
        "Perms": "Oikeudet",
        "Modified": "Muokattu",
        "Owner": "Omistaja",
        "Search": "Haku",
        "NewItem": "Luo uusi...",
        "Folder": "Kansio",
        "Delete": "Poista",
        "Rename": "Nimeä uudelleen",
        "CopyTo": "Kopioi kohteeseen",
        "DirectLink": "Suora linkki",
        "UploadingFiles": "Siirrä tiedostoja",
        "ChangePermissions": "Muuta oikeuksia",
        "Copying": "Kopioidaan",
        "CreateNewItem": "Luo uusi tiedosto tai kansio",
        "Name": "Nimi",
        "AdvancedEditor": "Edistynyt editori",
        "RememberMe": "Muista minut",
        "Actions": "Toiminnot",
        "Upload": "Vie",
        "Cancel": "Peruuta",
        "InvertSelection": "Vaihda valinta",
        "DestinationFolder": "Kohdekansio",
        "ItemType": "Tiedoston tyyppi",
        "ItemName": "Nimi",
        "CreateNow": "Luo nyt",
        "Download": "Lataa",
        "Open": "Avaa",
        "UnZip": "Pura",
        "UnZipToFolder": "Pura kansioon",
        "Edit": "Muokkaa",
        "NormalEditor": "Editori",
        "BackUp": "Varmuuskopioi",
        "SourceFolder": "Kohdekansio",
        "Files": "Tiedostot",
        "Change": "Vaihda",
        "Settings": "Asetukset",
        "Language": "Kieli",
        "MemoryUsed": "Muistia käytetty",
        "PartitionSize": "Osion koko",
        "ErrorReporting": "Virheraportit",
        "ShowHiddenFiles": "Näytä piilotiedostot",
        "Preview": "Esikatsele",
        "Help": "Apua",
        "FullSize": "Täysikokoinen",
        "FreeOf": "Vapaana",
        "CalculateFolderSize": "Laske kansion koko",
        "CheckLatestVersion": "Tarkista päivitykset",
        "Generate new password hash": "Luo uusi salasana-hash",
        "HideColumns": "Piilota oikeudet-/omistaja-sarakkeet"
      }
    },
    {
      "name": "한국어",
      "code": "ko",
      "translation": {
        "Tiny File Manager": "Tiny File Manager",
        "File Manager": "File Manager",
        "Sign in": "로그인",
        "Username": "아이디",
        "Password": "비밀번호",
        "Sign Out": "로그아웃",
        "Move": "이동",
        "Copy": "복사",
        "Save": "저장",
        "Select all": "전체 선택",
        "Unselect all": "선택 해제",
        "File": "파일",
        "Back": "뒤로",
        "Size": "용량",
        "Perms": "권한",
        "Modified": "마지막 수정",
        "Owner": "소유자",
        "Search": "검색",
        "New Item": "새로 만들기",
        "Folder": "폴더",
        "Delete": "삭제",
        "Rename": "이름 변경",
        "Copy to": "지정된 위치로 복사",
        "Direct link": "링크",
        "Upload Files": "파일 업로드",
        "Change Permissions": "권한 변경",
        "Copying": "복사 중",
        "Create New Item": "새로 만들기",
        "Name": "이름",
        "Advanced Editor": "고급 에디터",
        "Remember Me": "로그인 정보 저장",
        "Actions": "액션",
        "Upload": "업로드",
        "Cancel": "취소",
        "Invert Selection": "선택 반전",
        "Destination Folder": "대상 폴더",
        "Item Type": "유형",
        "Item Name": "이름",
        "Create Now": "확인",
        "Download": "다운로드",
        "Open": "열기",
        "UnZip": "압축 해제",
        "UnZip to folder": "지정된 폴더에 압축 해제",
        "Edit": "편집",
        "Normal Editor": "일반 에디터",
        "Back Up": "백업",
        "Source Folder": "원본 폴더",
        "Files": "파일",
        "Change": "변경하기",
        "Settings": "설정",
        "Language": "언어",
        "Memory used": "메모리 사용량",
        "Partition size": "남은 용량",
        "Error Reporting": "오류 보고",
        "Show Hidden Files": "숨겨진 파일 보기",
        "Full size": "현재 폴더 파일 용량",
        "Help": "도움말",
        "Free of": "파티션 총 용량:",
        "Preview": "미리 보기",
        "Help Documents": "참고 문서",
        "Report Issue": "이슈 보고",
        "Generate": "생성",
        "Full Size": "총 용량",
        "free of": "사용 가능 용량",
        "Calculate folder size": "폴더 용량 표시",
        "Check Latest Version": "최신 버전 체크",
        "Generate new password hash": "새 비밀번호 해시 생성",
        "Hide Perms/Owner columns": "권한/소유자 숨기기"
      }
    },
    {
      "name": "日本語",
      "code": "ja",
      "translation": {
        "AppName": "Tiny File Manager",
        "AppTitle": "File Manager",
        "Login": "ログイン",
        "Username": "Username",
        "Password": "Password",
        "Logout": "ログアウト",
        "Move": "移動",
        "Copy": "コピー",
        "Save": "保存",
        "SelectAll": "すべて選択",
        "UnSelectAll": "選択解除",
        "File": "ファイル",
        "Back": "戻る",
        "Size": "サイズ",
        "Perms": "権限",
        "Modified": "更新日時",
        "Owner": "所有者",
        "Search": "検索",
        "NewItem": "新規作成",
        "Folder": "フォルダ",
        "Delete": "削除",
        "Rename": "名前の変更",
        "CopyTo": "宛先を指定してコピー",
        "DirectLink": "直接リンク",
        "UploadingFiles": "ファイルをアップロード",
        "ChangePermissions": "権限を変更",
        "Copying": "ファイルをコピー",
        "CreateNewItem": "新規作成",
        "Name": "名前",
        "AdvancedEditor": "拡張エディタで編集",
        "RememberMe": "Remember Me",
        "Actions": "アクション",
        "Upload": "アップロード",
        "Cancel": "キャンセル",
        "InvertSelection": "選択の切り替え",
        "DestinationFolder": "宛先フォルダ",
        "ItemType": "種類",
        "ItemName": "名前",
        "CreateNow": "作成する",
        "Download": "ダウンロード",
        "Open": "開く",
        "UnZip": "解凍",
        "UnZipToFolder": "フォルダに解凍",
        "Edit": "編集",
        "NormalEditor": "通常エディタで編集",
        "BackUp": "バックアップ",
        "SourceFolder": "元フォルダ",
        "Files": "ファイル",
        "Change": "変更",
        "Settings": "設定",
        "Language": "言語",
        "MemoryUsed": "メモリ使用量",
        "PartitionSize": "パーティションサイズ",
        "ErrorReporting": "エラーを表示",
        "ShowHiddenFiles": "隠しファイルを表示",
        "Full size": "合計サイズ",
        "Help": "ヘルプ",
        "Free of": "free of",
        "Preview": "プレビュー",
        "Help Documents": "ヘルプドキュメント",
        "Report Issue": "問題を報告",
        "Generate": "生成",
        "FullSize": "合計サイズ",
        "FreeOf": "free of",
        "CalculateFolderSize": "フォルダサイズを計算",
        "ProcessID": "プロセスID",
        "HideColumns": "権限・所有者を非表示",
        "Check Latest Version": "更新の確認",
        "Generate new password hash": "パスワードハッシュを生成",
        "Folder is empty": "空のフォルダです",
        "Created": "作成しました",
        "You are logged in": "ログインしました",
        "Login failed. Invalid username or password": "Username もしくは Password が違います",
        "password_hash not supported, Upgrade PHP version": "password_hash がサポートされていません。PHPをアップグレードしてください",
        "Group": "グループ",
        "Other": "その他",
        "Read": "読み込み",
        "Write": "書き込み",
        "Execute": "実行"
      }
    },
    {
      "name": "Монгол",
      "code": "mn_MN",
      "translation": {
        "AppName": "Tiny File Manager",
        "AppTitle": "Файл зохицуулагчr",
        "Login": "Нэвтрэх",
        "Username": "Хэрэглэгчийн нэр",
        "Password": "Нууц үг",
        "Logout": "Гарах",
        "Move": "Зөөх",
        "Copy": "Хуулах",
        "Save": "Хадгалах",
        "SelectAll": "Бүгдийг сонгох",
        "UnSelectAll": "Бүгдийг цэвэрлэх",
        "File": "Файл",
        "Back": "Буцах",
        "Size": "Хэмжээ",
        "Perms": "Эрх",
        "Modified": "Өөрчлөгдсөн",
        "Owner": "Эзэн",
        "Search": "Хайх",
        "NewItem": "Шинэ зүйл",
        "Folder": "Хавтас",
        "Delete": "Устгах",
        "Rename": "Нэр солих",
        "CopyTo": "Руу хуулах",
        "DirectLink": "Шууд холбоос",
        "UploadingFiles": "Файлуудыг хуулж байна",
        "ChangePermissions": "Эрх солих",
        "Copying": "Хуулж байна",
        "CreateNewItem": "Шинээр үүсгэх",
        "Name": "Нэр",
        "AdvancedEditor": "Нарийн үйлдэлтэй засварлагч",
        "RememberMe": "Remember Me",
        "Actions": "Үйлдлүүд",
        "Upload": "Хуулах",
        "Cancel": "Болих",
        "InvertSelection": "Сонголтыг эсрэгээр",
        "DestinationFolder": "Очих хавтас",
        "ItemType": "Төрөл",
        "ItemName": "Нэр",
        "CreateNow": "Үүсгэх",
        "Download": "Татах",
        "Open": "Нээх",
        "UnZip": "Задлах",
        "UnZipToFolder": "Хавтсанд задлах",
        "Edit": "Засах",
        "NormalEditor": "Энгийн засварлагч",
        "BackUp": "Бакап",
        "SourceFolder": "Хаанаас хавтас",
        "Files": "Файл",
        "Change": "Солих",
        "Settings": "Тохиргоо",
        "Language": "Хэл",
        "MemoryUsed": "Хэрэглэгдэж буй санах ой",
        "PartitionSize": "Партишны зай",
        "ErrorReporting": "Алдаа харуулах",
        "ShowHiddenFiles": "Нууц файлуудыг харуулах",
        "Full size": "Нийт хэмжээ",
        "Help": "Тусламж",
        "Free of": "Хоосон зай",
        "Preview": "Урьдчилан харах",
        "Help Documents": "Тусламж",
        "Report Issue": "Алдаа мэдэгдэх",
        "Generate": "Үүсгэх",
        "FullSize": "Нийт хэмжээ",
        "FreeOf": "Хоосон зай",
        "CalculateFolderSize": "Хавтасны хэмжээг бодох",
        "ProcessID": "Процессын ID",
        "HideColumns": "Багануудыг нуух",
        "Check Latest Version": "Шинчэлэлт байгаа эсэхийг шалгах",
        "Generate new password hash": "Шинэ нууц үгийн хаш үүсгэх",
        "Folder is empty": "Хавтас хоосон байна",
        "Created": "Үүсгэсэн",
        "You are logged in": "Нэвтэрсэн байна",
        "Login failed. Invalid username or password": "Нэр юмуу нууц үг буруу байна",
        "password_hash not supported, Upgrade PHP version": "password_hash функц байхгүй байна. PHP хувилбар ахиулна уу.",
        "Group": "Бүлэг",
        "Other": "Бусад",
        "Read": "Унших",
        "Write": "Бичих",
        "Execute": "Ажиллуулах"
      }
    }
  ]
}
